100,NEM12,AEMO,20240301000000,1,,,
200,VIC123456,MTR0001,E1,30,20240301000000,20240331233000,kWh
300,VIC123456,1.326,,A,,,
300,VIC123456,1.007,,A,,,
300,VIC123456,1.319,,A,,,
300,VIC123456,1.035,,A,,,
300,VIC123456,0.645,,A,,,
300,VIC123456,0.562,,A,,,
300,VIC123456,1.458,,A,,,
300,VIC123456,0.671,,A,,,
300,VIC123456,6.069,,A,,,
300,VIC123456,3.161,,A,,,
300,VIC123456,1.39,,A,,,
300,VIC123456,1.385,,A,,,
300,VIC123456,1.384,,A,,,
300,VIC123456,1.192,,A,,,
300,VIC123456,0.829,,A,,,
300,VIC123456,1.4,,A,,,
300,VIC123456,0.861,,A,,,
300,VIC123456,1.495,,A,,,
300,VIC123456,0.932,,A,,,
300,VIC123456,1.062,,A,,,
300,VIC123456,1.138,,A,,,
300,VIC123456,1.067,,A,,,
300,VIC123456,1.395,,A,,,
300,VIC123456,1.467,,A,,,
300,VIC123456,5.75,,A,,,
300,VIC123456,5.243,,A,,,
300,VIC123456,1.004,,A,,,
300,VIC123456,0.615,,A,,,
300,VIC123456,0.607,,A,,,
300,VIC123456,1.402,,A,,,
300,VIC123456,1.006,,A,,,
300,VIC123456,1.359,,A,,,
300,VIC123456,0.806,,A,,,
300,VIC123456,0.729,,A,,,
300,VIC123456,1.413,,A,,,
300,VIC123456,0.604,,A,,,
300,VIC123456,0.532,,A,,,
300,VIC123456,1.497,,A,,,
300,VIC123456,0.617,,A,,,
300,VIC123456,1.477,,A,,,
300,VIC123456,4.576,,A,,,
300,VIC123456,3.553,,A,,,
300,VIC123456,1.092,,A,,,
300,VIC123456,0.694,,A,,,
300,VIC123456,0.72,,A,,,
300,VIC123456,0.999,,A,,,
300,VIC123456,1.399,,A,,,
300,VIC123456,1.416,,A,,,
300,VIC123456,0.652,,A,,,
300,VIC123456,1.368,,A,,,
300,VIC123456,1.161,,A,,,
300,VIC123456,0.961,,A,,,
300,VIC123456,1.46,,A,,,
300,VIC123456,1.496,,A,,,
300,VIC123456,1.499,,A,,,
300,VIC123456,0.65,,A,,,
300,VIC123456,0.801,,A,,,
300,VIC123456,1.07,,A,,,
300,VIC123456,0.59,,A,,,
300,VIC123456,1.241,,A,,,
300,VIC123456,1.39,,A,,,
300,VIC123456,0.794,,A,,,
300,VIC123456,0.536,,A,,,
300,VIC123456,1.362,,A,,,
300,VIC123456,0.921,,A,,,
300,VIC123456,0.772,,A,,,
300,VIC123456,1.187,,A,,,
300,VIC123456,1.163,,A,,,
300,VIC123456,0.99,,A,,,
300,VIC123456,1.445,,A,,,
300,VIC123456,0.553,,A,,,
300,VIC123456,0.646,,A,,,
300,VIC123456,0.768,,A,,,
300,VIC123456,0.965,,A,,,
300,VIC123456,0.506,,A,,,
300,VIC123456,1.118,,A,,,
300,VIC123456,0.629,,A,,,
300,VIC123456,1.488,,A,,,
300,VIC123456,1.257,,A,,,
300,VIC123456,1.459,,A,,,
300,VIC123456,1.441,,A,,,
300,VIC123456,0.725,,A,,,
300,VIC123456,0.526,,A,,,
300,VIC123456,0.901,,A,,,
300,VIC123456,1.182,,A,,,
300,VIC123456,1.469,,A,,,
300,VIC123456,1.067,,A,,,
300,VIC123456,0.598,,A,,,
300,VIC123456,0.881,,A,,,
300,VIC123456,0.807,,A,,,
300,VIC123456,1.048,,A,,,
300,VIC123456,1.484,,A,,,
300,VIC123456,0.717,,A,,,
300,VIC123456,0.999,,A,,,
300,VIC123456,1.207,,A,,,
300,VIC123456,0.638,,A,,,
300,VIC123456,0.856,,A,,,
300,VIC123456,1.039,,A,,,
300,VIC123456,0.949,,A,,,
300,VIC123456,0.733,,A,,,
300,VIC123456,1.373,,A,,,
300,VIC123456,0.601,,A,,,
300,VIC123456,0.793,,A,,,
300,VIC123456,1.117,,A,,,
300,VIC123456,1.091,,A,,,
300,VIC123456,0.536,,A,,,
300,VIC123456,0.968,,A,,,
300,VIC123456,0.847,,A,,,
300,VIC123456,0.91,,A,,,
300,VIC123456,0.829,,A,,,
300,VIC123456,1.126,,A,,,
300,VIC123456,0.947,,A,,,
300,VIC123456,0.993,,A,,,
300,VIC123456,1.296,,A,,,
300,VIC123456,0.831,,A,,,
300,VIC123456,1.397,,A,,,
300,VIC123456,1.108,,A,,,
300,VIC123456,1.224,,A,,,
300,VIC123456,0.786,,A,,,
300,VIC123456,0.594,,A,,,
300,VIC123456,1.372,,A,,,
300,VIC123456,1.01,,A,,,
300,VIC123456,1.452,,A,,,
300,VIC123456,0.798,,A,,,
300,VIC123456,0.577,,A,,,
300,VIC123456,1.059,,A,,,
300,VIC123456,1.082,,A,,,
300,VIC123456,0.698,,A,,,
300,VIC123456,1.401,,A,,,
300,VIC123456,1.395,,A,,,
300,VIC123456,1.28,,A,,,
300,VIC123456,1.437,,A,,,
300,VIC123456,0.955,,A,,,
300,VIC123456,0.863,,A,,,
300,VIC123456,0.588,,A,,,
300,VIC123456,0.667,,A,,,
300,VIC123456,1.09,,A,,,
300,VIC123456,0.52,,A,,,
300,VIC123456,0.597,,A,,,
300,VIC123456,1.408,,A,,,
300,VIC123456,1.054,,A,,,
300,VIC123456,0.644,,A,,,
300,VIC123456,0.542,,A,,,
300,VIC123456,1.049,,A,,,
300,VIC123456,0.822,,A,,,
300,VIC123456,0.61,,A,,,
300,VIC123456,1.006,,A,,,
300,VIC123456,0.587,,A,,,
300,VIC123456,1.498,,A,,,
300,VIC123456,1.235,,A,,,
300,VIC123456,1.465,,A,,,
300,VIC123456,1.164,,A,,,
300,VIC123456,4.919,,A,,,
300,VIC123456,5.895,,A,,,
300,VIC123456,1.481,,A,,,
300,VIC123456,0.828,,A,,,
300,VIC123456,0.62,,A,,,
300,VIC123456,1.083,,A,,,
300,VIC123456,1.422,,A,,,
300,VIC123456,0.676,,A,,,
300,VIC123456,0.571,,A,,,
300,VIC123456,1.157,,A,,,
300,VIC123456,1.405,,A,,,
300,VIC123456,0.668,,A,,,
300,VIC123456,0.627,,A,,,
300,VIC123456,1.481,,A,,,
300,VIC123456,0.879,,A,,,
300,VIC123456,0.516,,A,,,
300,VIC123456,4.44,,A,,,
300,VIC123456,2.919,,A,,,
300,VIC123456,0.917,,A,,,
300,VIC123456,0.827,,A,,,
300,VIC123456,0.694,,A,,,
300,VIC123456,1.098,,A,,,
300,VIC123456,0.682,,A,,,
300,VIC123456,1.084,,A,,,
300,VIC123456,1.297,,A,,,
300,VIC123456,0.969,,A,,,
300,VIC123456,0.606,,A,,,
300,VIC123456,0.61,,A,,,
300,VIC123456,0.513,,A,,,
300,VIC123456,0.95,,A,,,
300,VIC123456,1.298,,A,,,
300,VIC123456,0.781,,A,,,
300,VIC123456,4.184,,A,,,
300,VIC123456,5.183,,A,,,
300,VIC123456,0.782,,A,,,
300,VIC123456,0.544,,A,,,
300,VIC123456,0.621,,A,,,
300,VIC123456,0.685,,A,,,
300,VIC123456,0.679,,A,,,
300,VIC123456,1.365,,A,,,
300,VIC123456,1.024,,A,,,
300,VIC123456,0.625,,A,,,
300,VIC123456,0.908,,A,,,
300,VIC123456,1.448,,A,,,
300,VIC123456,1.165,,A,,,
300,VIC123456,1.298,,A,,,
300,VIC123456,1.42,,A,,,
300,VIC123456,0.999,,A,,,
300,VIC123456,4.57,,A,,,
300,VIC123456,5.995,,A,,,
300,VIC123456,1.485,,A,,,
300,VIC123456,0.935,,A,,,
300,VIC123456,0.642,,A,,,
300,VIC123456,0.565,,A,,,
300,VIC123456,0.953,,A,,,
300,VIC123456,0.516,,A,,,
300,VIC123456,0.916,,A,,,
300,VIC123456,0.568,,A,,,
300,VIC123456,1.099,,A,,,
300,VIC123456,1.031,,A,,,
300,VIC123456,0.727,,A,,,
300,VIC123456,0.651,,A,,,
300,VIC123456,0.842,,A,,,
300,VIC123456,0.675,,A,,,
300,VIC123456,4.091,,A,,,
300,VIC123456,6.096,,A,,,
300,VIC123456,1.028,,A,,,
300,VIC123456,0.893,,A,,,
300,VIC123456,0.973,,A,,,
300,VIC123456,1.258,,A,,,
300,VIC123456,1.465,,A,,,
300,VIC123456,1.383,,A,,,
300,VIC123456,0.893,,A,,,
300,VIC123456,1.088,,A,,,
300,VIC123456,0.644,,A,,,
300,VIC123456,0.925,,A,,,
300,VIC123456,1.372,,A,,,
300,VIC123456,1.312,,A,,,
300,VIC123456,0.748,,A,,,
300,VIC123456,1.041,,A,,,
300,VIC123456,3.713,,A,,,
300,VIC123456,4.449,,A,,,
300,VIC123456,0.658,,A,,,
300,VIC123456,1.308,,A,,,
300,VIC123456,0.833,,A,,,
300,VIC123456,1.466,,A,,,
300,VIC123456,1.338,,A,,,
300,VIC123456,1.415,,A,,,
300,VIC123456,0.616,,A,,,
300,VIC123456,0.892,,A,,,
300,VIC123456,1.21,,A,,,
300,VIC123456,0.766,,A,,,
300,VIC123456,0.622,,A,,,
300,VIC123456,0.992,,A,,,
300,VIC123456,1.466,,A,,,
300,VIC123456,1.421,,A,,,
300,VIC123456,5.417,,A,,,
300,VIC123456,2.647,,A,,,
300,VIC123456,0.529,,A,,,
300,VIC123456,1.214,,A,,,
300,VIC123456,0.976,,A,,,
300,VIC123456,1.317,,A,,,
300,VIC123456,1.167,,A,,,
300,VIC123456,1.1,,A,,,
300,VIC123456,1.417,,A,,,
300,VIC123456,1.296,,A,,,
300,VIC123456,0.727,,A,,,
300,VIC123456,1.097,,A,,,
300,VIC123456,0.742,,A,,,
300,VIC123456,0.82,,A,,,
300,VIC123456,1.105,,A,,,
300,VIC123456,0.849,,A,,,
300,VIC123456,2.121,,A,,,
300,VIC123456,3.346,,A,,,
300,VIC123456,1.327,,A,,,
300,VIC123456,1.462,,A,,,
300,VIC123456,0.506,,A,,,
300,VIC123456,0.834,,A,,,
300,VIC123456,0.75,,A,,,
300,VIC123456,0.761,,A,,,
300,VIC123456,0.836,,A,,,
300,VIC123456,1.193,,A,,,
300,VIC123456,0.83,,A,,,
300,VIC123456,0.977,,A,,,
300,VIC123456,0.986,,A,,,
300,VIC123456,0.895,,A,,,
300,VIC123456,0.638,,A,,,
300,VIC123456,0.87,,A,,,
300,VIC123456,6.704,,A,,,
300,VIC123456,6.108,,A,,,
300,VIC123456,0.589,,A,,,
300,VIC123456,0.631,,A,,,
300,VIC123456,1.416,,A,,,
300,VIC123456,0.565,,A,,,
300,VIC123456,0.81,,A,,,
300,VIC123456,0.916,,A,,,
300,VIC123456,1.261,,A,,,
300,VIC123456,1.198,,A,,,
300,VIC123456,0.705,,A,,,
300,VIC123456,1.111,,A,,,
300,VIC123456,1.034,,A,,,
300,VIC123456,0.538,,A,,,
300,VIC123456,1.213,,A,,,
300,VIC123456,1.487,,A,,,
300,VIC123456,4.864,,A,,,
300,VIC123456,6.086,,A,,,
300,VIC123456,0.842,,A,,,
300,VIC123456,0.737,,A,,,
300,VIC123456,0.795,,A,,,
300,VIC123456,0.753,,A,,,
300,VIC123456,0.921,,A,,,
300,VIC123456,0.575,,A,,,
300,VIC123456,1.148,,A,,,
300,VIC123456,1.412,,A,,,
300,VIC123456,1.453,,A,,,
300,VIC123456,1.341,,A,,,
300,VIC123456,0.685,,A,,,
300,VIC123456,0.811,,A,,,
300,VIC123456,1.316,,A,,,
300,VIC123456,1.101,,A,,,
300,VIC123456,3.339,,A,,,
300,VIC123456,4.398,,A,,,
300,VIC123456,1.282,,A,,,
300,VIC123456,1.302,,A,,,
300,VIC123456,1.243,,A,,,
300,VIC123456,0.856,,A,,,
300,VIC123456,1.208,,A,,,
300,VIC123456,1.403,,A,,,
300,VIC123456,0.68,,A,,,
300,VIC123456,1.081,,A,,,
300,VIC123456,0.624,,A,,,
300,VIC123456,1.396,,A,,,
300,VIC123456,0.867,,A,,,
300,VIC123456,1.272,,A,,,
300,VIC123456,0.895,,A,,,
300,VIC123456,1.438,,A,,,
300,VIC123456,5.003,,A,,,
300,VIC123456,1.92,,A,,,
300,VIC123456,1.246,,A,,,
300,VIC123456,1.163,,A,,,
300,VIC123456,0.627,,A,,,
300,VIC123456,0.765,,A,,,
300,VIC123456,1.333,,A,,,
300,VIC123456,1.244,,A,,,
300,VIC123456,0.6,,A,,,
300,VIC123456,1.327,,A,,,
300,VIC123456,0.736,,A,,,
300,VIC123456,0.987,,A,,,
300,VIC123456,0.982,,A,,,
300,VIC123456,0.534,,A,,,
300,VIC123456,0.755,,A,,,
300,VIC123456,0.647,,A,,,
300,VIC123456,6.003,,A,,,
300,VIC123456,3.404,,A,,,
300,VIC123456,0.855,,A,,,
300,VIC123456,1.343,,A,,,
300,VIC123456,1.302,,A,,,
300,VIC123456,1.481,,A,,,
300,VIC123456,0.671,,A,,,
300,VIC123456,0.654,,A,,,
300,VIC123456,0.974,,A,,,
300,VIC123456,0.662,,A,,,
300,VIC123456,1.03,,A,,,
300,VIC123456,1.428,,A,,,
300,VIC123456,0.558,,A,,,
300,VIC123456,0.624,,A,,,
300,VIC123456,0.819,,A,,,
300,VIC123456,1.0,,A,,,
300,VIC123456,2.674,,A,,,
300,VIC123456,4.361,,A,,,
300,VIC123456,0.802,,A,,,
300,VIC123456,0.703,,A,,,
300,VIC123456,0.993,,A,,,
300,VIC123456,0.708,,A,,,
300,VIC123456,1.09,,A,,,
300,VIC123456,1.196,,A,,,
300,VIC123456,1.013,,A,,,
300,VIC123456,1.326,,A,,,
300,VIC123456,0.607,,A,,,
300,VIC123456,0.785,,A,,,
300,VIC123456,0.532,,A,,,
300,VIC123456,0.935,,A,,,
300,VIC123456,1.389,,A,,,
300,VIC123456,0.963,,A,,,
300,VIC123456,2.831,,A,,,
300,VIC123456,3.748,,A,,,
300,VIC123456,1.376,,A,,,
300,VIC123456,1.093,,A,,,
300,VIC123456,0.657,,A,,,
300,VIC123456,1.139,,A,,,
300,VIC123456,0.984,,A,,,
300,VIC123456,1.447,,A,,,
300,VIC123456,1.231,,A,,,
300,VIC123456,1.201,,A,,,
300,VIC123456,1.056,,A,,,
300,VIC123456,1.162,,A,,,
300,VIC123456,1.355,,A,,,
300,VIC123456,0.749,,A,,,
300,VIC123456,0.628,,A,,,
300,VIC123456,0.811,,A,,,
300,VIC123456,1.215,,A,,,
300,VIC123456,0.525,,A,,,
300,VIC123456,1.172,,A,,,
300,VIC123456,0.925,,A,,,
300,VIC123456,0.67,,A,,,
300,VIC123456,1.415,,A,,,
300,VIC123456,1.054,,A,,,
300,VIC123456,1.15,,A,,,
300,VIC123456,0.626,,A,,,
300,VIC123456,1.064,,A,,,
300,VIC123456,0.675,,A,,,
300,VIC123456,1.284,,A,,,
300,VIC123456,0.936,,A,,,
300,VIC123456,0.552,,A,,,
300,VIC123456,0.787,,A,,,
300,VIC123456,1.267,,A,,,
300,VIC123456,1.292,,A,,,
300,VIC123456,1.434,,A,,,
300,VIC123456,1.205,,A,,,
300,VIC123456,1.154,,A,,,
300,VIC123456,1.22,,A,,,
300,VIC123456,1.248,,A,,,
300,VIC123456,0.635,,A,,,
300,VIC123456,0.786,,A,,,
300,VIC123456,1.165,,A,,,
300,VIC123456,1.156,,A,,,
300,VIC123456,0.849,,A,,,
300,VIC123456,0.777,,A,,,
300,VIC123456,1.222,,A,,,
300,VIC123456,1.025,,A,,,
300,VIC123456,0.896,,A,,,
300,VIC123456,0.735,,A,,,
300,VIC123456,0.768,,A,,,
300,VIC123456,0.699,,A,,,
300,VIC123456,1.453,,A,,,
300,VIC123456,0.504,,A,,,
300,VIC123456,1.135,,A,,,
300,VIC123456,1.088,,A,,,
300,VIC123456,1.279,,A,,,
300,VIC123456,1.301,,A,,,
300,VIC123456,0.915,,A,,,
300,VIC123456,1.273,,A,,,
300,VIC123456,1.336,,A,,,
300,VIC123456,0.92,,A,,,
300,VIC123456,0.99,,A,,,
300,VIC123456,0.897,,A,,,
300,VIC123456,1.336,,A,,,
300,VIC123456,1.119,,A,,,
300,VIC123456,1.154,,A,,,
300,VIC123456,0.818,,A,,,
300,VIC123456,0.571,,A,,,
300,VIC123456,0.987,,A,,,
300,VIC123456,0.972,,A,,,
300,VIC123456,1.097,,A,,,
300,VIC123456,0.935,,A,,,
300,VIC123456,0.732,,A,,,
300,VIC123456,0.697,,A,,,
300,VIC123456,1.423,,A,,,
300,VIC123456,1.091,,A,,,
300,VIC123456,1.077,,A,,,
300,VIC123456,1.197,,A,,,
300,VIC123456,0.82,,A,,,
300,VIC123456,0.626,,A,,,
300,VIC123456,0.827,,A,,,
300,VIC123456,0.776,,A,,,
300,VIC123456,0.887,,A,,,
300,VIC123456,1.39,,A,,,
300,VIC123456,0.559,,A,,,
300,VIC123456,1.32,,A,,,
300,VIC123456,1.476,,A,,,
300,VIC123456,1.391,,A,,,
300,VIC123456,0.984,,A,,,
300,VIC123456,0.632,,A,,,
300,VIC123456,1.089,,A,,,
300,VIC123456,1.445,,A,,,
300,VIC123456,1.142,,A,,,
300,VIC123456,0.901,,A,,,
300,VIC123456,0.829,,A,,,
300,VIC123456,0.997,,A,,,
300,VIC123456,1.456,,A,,,
300,VIC123456,1.479,,A,,,
300,VIC123456,1.427,,A,,,
300,VIC123456,0.69,,A,,,
300,VIC123456,0.553,,A,,,
300,VIC123456,1.103,,A,,,
300,VIC123456,0.659,,A,,,
300,VIC123456,0.904,,A,,,
300,VIC123456,1.208,,A,,,
300,VIC123456,0.764,,A,,,
300,VIC123456,1.283,,A,,,
300,VIC123456,1.114,,A,,,
300,VIC123456,1.452,,A,,,
300,VIC123456,0.572,,A,,,
300,VIC123456,0.758,,A,,,
300,VIC123456,0.692,,A,,,
300,VIC123456,0.572,,A,,,
300,VIC123456,3.781,,A,,,
300,VIC123456,2.013,,A,,,
300,VIC123456,0.547,,A,,,
300,VIC123456,1.208,,A,,,
300,VIC123456,0.913,,A,,,
300,VIC123456,0.523,,A,,,
300,VIC123456,1.029,,A,,,
300,VIC123456,1.426,,A,,,
300,VIC123456,0.525,,A,,,
300,VIC123456,0.867,,A,,,
300,VIC123456,1.201,,A,,,
300,VIC123456,1.063,,A,,,
300,VIC123456,0.936,,A,,,
300,VIC123456,0.735,,A,,,
300,VIC123456,0.696,,A,,,
300,VIC123456,0.532,,A,,,
300,VIC123456,2.102,,A,,,
300,VIC123456,4.686,,A,,,
300,VIC123456,1.451,,A,,,
300,VIC123456,1.439,,A,,,
300,VIC123456,0.542,,A,,,
300,VIC123456,1.414,,A,,,
300,VIC123456,0.908,,A,,,
300,VIC123456,1.324,,A,,,
300,VIC123456,0.871,,A,,,
300,VIC123456,0.539,,A,,,
300,VIC123456,0.563,,A,,,
300,VIC123456,0.691,,A,,,
300,VIC123456,1.218,,A,,,
300,VIC123456,0.646,,A,,,
300,VIC123456,0.607,,A,,,
300,VIC123456,1.007,,A,,,
300,VIC123456,2.408,,A,,,
300,VIC123456,3.347,,A,,,
300,VIC123456,0.725,,A,,,
300,VIC123456,1.237,,A,,,
300,VIC123456,1.31,,A,,,
300,VIC123456,1.152,,A,,,
300,VIC123456,1.007,,A,,,
300,VIC123456,0.889,,A,,,
300,VIC123456,0.934,,A,,,
300,VIC123456,1.308,,A,,,
300,VIC123456,1.118,,A,,,
300,VIC123456,1.347,,A,,,
300,VIC123456,0.631,,A,,,
300,VIC123456,0.687,,A,,,
300,VIC123456,0.657,,A,,,
300,VIC123456,1.359,,A,,,
300,VIC123456,4.977,,A,,,
300,VIC123456,5.908,,A,,,
300,VIC123456,1.255,,A,,,
300,VIC123456,0.7,,A,,,
300,VIC123456,0.802,,A,,,
300,VIC123456,0.711,,A,,,
300,VIC123456,0.558,,A,,,
300,VIC123456,0.592,,A,,,
300,VIC123456,1.1,,A,,,
300,VIC123456,1.006,,A,,,
300,VIC123456,0.797,,A,,,
300,VIC123456,0.526,,A,,,
300,VIC123456,0.652,,A,,,
300,VIC123456,0.862,,A,,,
300,VIC123456,0.676,,A,,,
300,VIC123456,0.938,,A,,,
300,VIC123456,4.377,,A,,,
300,VIC123456,1.866,,A,,,
300,VIC123456,0.823,,A,,,
300,VIC123456,1.438,,A,,,
300,VIC123456,0.535,,A,,,
300,VIC123456,1.404,,A,,,
300,VIC123456,1.324,,A,,,
300,VIC123456,1.209,,A,,,
300,VIC123456,1.277,,A,,,
300,VIC123456,0.764,,A,,,
300,VIC123456,1.046,,A,,,
300,VIC123456,1.146,,A,,,
300,VIC123456,0.991,,A,,,
300,VIC123456,0.906,,A,,,
300,VIC123456,0.983,,A,,,
300,VIC123456,1.27,,A,,,
300,VIC123456,6.594,,A,,,
300,VIC123456,6.465,,A,,,
300,VIC123456,0.962,,A,,,
300,VIC123456,0.687,,A,,,
300,VIC123456,0.66,,A,,,
300,VIC123456,0.549,,A,,,
300,VIC123456,0.788,,A,,,
300,VIC123456,0.755,,A,,,
300,VIC123456,1.115,,A,,,
300,VIC123456,1.213,,A,,,
300,VIC123456,1.26,,A,,,
300,VIC123456,1.071,,A,,,
300,VIC123456,1.423,,A,,,
300,VIC123456,0.693,,A,,,
300,VIC123456,1.16,,A,,,
300,VIC123456,1.416,,A,,,
300,VIC123456,3.023,,A,,,
300,VIC123456,4.94,,A,,,
300,VIC123456,0.824,,A,,,
300,VIC123456,0.933,,A,,,
300,VIC123456,0.678,,A,,,
300,VIC123456,1.153,,A,,,
300,VIC123456,1.442,,A,,,
300,VIC123456,0.642,,A,,,
300,VIC123456,0.572,,A,,,
300,VIC123456,1.428,,A,,,
300,VIC123456,1.1,,A,,,
300,VIC123456,0.731,,A,,,
300,VIC123456,1.342,,A,,,
300,VIC123456,0.603,,A,,,
300,VIC123456,0.609,,A,,,
300,VIC123456,0.734,,A,,,
300,VIC123456,5.351,,A,,,
300,VIC123456,5.924,,A,,,
300,VIC123456,1.103,,A,,,
300,VIC123456,1.457,,A,,,
300,VIC123456,0.559,,A,,,
300,VIC123456,0.892,,A,,,
300,VIC123456,0.977,,A,,,
300,VIC123456,1.067,,A,,,
300,VIC123456,0.846,,A,,,
300,VIC123456,0.788,,A,,,
300,VIC123456,0.583,,A,,,
300,VIC123456,0.639,,A,,,
300,VIC123456,0.723,,A,,,
300,VIC123456,1.058,,A,,,
300,VIC123456,0.611,,A,,,
300,VIC123456,0.776,,A,,,
300,VIC123456,3.915,,A,,,
300,VIC123456,5.935,,A,,,
300,VIC123456,0.728,,A,,,
300,VIC123456,1.398,,A,,,
300,VIC123456,1.244,,A,,,
300,VIC123456,1.465,,A,,,
300,VIC123456,0.702,,A,,,
300,VIC123456,0.6,,A,,,
300,VIC123456,1.197,,A,,,
300,VIC123456,0.645,,A,,,
300,VIC123456,0.926,,A,,,
300,VIC123456,1.236,,A,,,
300,VIC123456,1.153,,A,,,
300,VIC123456,0.627,,A,,,
300,VIC123456,1.486,,A,,,
300,VIC123456,0.579,,A,,,
300,VIC123456,2.847,,A,,,
300,VIC123456,3.067,,A,,,
300,VIC123456,1.028,,A,,,
300,VIC123456,1.177,,A,,,
300,VIC123456,0.844,,A,,,
300,VIC123456,0.573,,A,,,
300,VIC123456,0.904,,A,,,
300,VIC123456,1.038,,A,,,
300,VIC123456,0.826,,A,,,
300,VIC123456,1.09,,A,,,
300,VIC123456,1.355,,A,,,
300,VIC123456,1.381,,A,,,
300,VIC123456,0.853,,A,,,
300,VIC123456,0.915,,A,,,
300,VIC123456,0.936,,A,,,
300,VIC123456,0.793,,A,,,
300,VIC123456,3.073,,A,,,
300,VIC123456,5.536,,A,,,
300,VIC123456,1.482,,A,,,
300,VIC123456,0.583,,A,,,
300,VIC123456,1.28,,A,,,
300,VIC123456,0.858,,A,,,
300,VIC123456,0.508,,A,,,
300,VIC123456,1.459,,A,,,
300,VIC123456,0.72,,A,,,
300,VIC123456,1.342,,A,,,
300,VIC123456,0.649,,A,,,
300,VIC123456,1.344,,A,,,
300,VIC123456,1.32,,A,,,
300,VIC123456,1.166,,A,,,
300,VIC123456,1.257,,A,,,
300,VIC123456,1.116,,A,,,
300,VIC123456,3.319,,A,,,
300,VIC123456,3.15,,A,,,
300,VIC123456,1.472,,A,,,
300,VIC123456,1.344,,A,,,
300,VIC123456,1.176,,A,,,
300,VIC123456,0.713,,A,,,
300,VIC123456,1.201,,A,,,
300,VIC123456,1.396,,A,,,
300,VIC123456,1.294,,A,,,
300,VIC123456,0.573,,A,,,
300,VIC123456,0.542,,A,,,
300,VIC123456,1.159,,A,,,
300,VIC123456,0.558,,A,,,
300,VIC123456,1.107,,A,,,
300,VIC123456,0.939,,A,,,
300,VIC123456,1.072,,A,,,
300,VIC123456,3.283,,A,,,
300,VIC123456,5.041,,A,,,
300,VIC123456,1.27,,A,,,
300,VIC123456,0.756,,A,,,
300,VIC123456,1.267,,A,,,
300,VIC123456,0.793,,A,,,
300,VIC123456,1.066,,A,,,
300,VIC123456,1.211,,A,,,
300,VIC123456,1.426,,A,,,
300,VIC123456,1.056,,A,,,
300,VIC123456,0.953,,A,,,
300,VIC123456,1.278,,A,,,
300,VIC123456,1.276,,A,,,
300,VIC123456,0.841,,A,,,
300,VIC123456,0.82,,A,,,
300,VIC123456,0.935,,A,,,
300,VIC123456,5.25,,A,,,
300,VIC123456,4.654,,A,,,
300,VIC123456,1.23,,A,,,
300,VIC123456,1.191,,A,,,
300,VIC123456,0.617,,A,,,
300,VIC123456,0.555,,A,,,
300,VIC123456,0.542,,A,,,
300,VIC123456,1.008,,A,,,
300,VIC123456,0.677,,A,,,
300,VIC123456,0.846,,A,,,
300,VIC123456,0.893,,A,,,
300,VIC123456,0.713,,A,,,
300,VIC123456,0.983,,A,,,
300,VIC123456,1.358,,A,,,
300,VIC123456,1.266,,A,,,
300,VIC123456,0.991,,A,,,
300,VIC123456,3.683,,A,,,
300,VIC123456,2.077,,A,,,
300,VIC123456,0.83,,A,,,
300,VIC123456,1.041,,A,,,
300,VIC123456,0.754,,A,,,
300,VIC123456,0.699,,A,,,
300,VIC123456,0.851,,A,,,
300,VIC123456,1.291,,A,,,
300,VIC123456,0.967,,A,,,
300,VIC123456,1.377,,A,,,
300,VIC123456,1.452,,A,,,
300,VIC123456,1.461,,A,,,
300,VIC123456,1.105,,A,,,
300,VIC123456,0.769,,A,,,
300,VIC123456,1.045,,A,,,
300,VIC123456,1.183,,A,,,
300,VIC123456,0.898,,A,,,
300,VIC123456,1.388,,A,,,
300,VIC123456,1.052,,A,,,
300,VIC123456,0.6,,A,,,
300,VIC123456,1.317,,A,,,
300,VIC123456,0.738,,A,,,
300,VIC123456,1.261,,A,,,
300,VIC123456,0.904,,A,,,
300,VIC123456,0.756,,A,,,
300,VIC123456,0.532,,A,,,
300,VIC123456,0.844,,A,,,
300,VIC123456,0.605,,A,,,
300,VIC123456,1.452,,A,,,
300,VIC123456,1.247,,A,,,
300,VIC123456,0.878,,A,,,
300,VIC123456,1.38,,A,,,
300,VIC123456,1.428,,A,,,
300,VIC123456,1.053,,A,,,
300,VIC123456,1.198,,A,,,
300,VIC123456,0.582,,A,,,
300,VIC123456,1.292,,A,,,
300,VIC123456,1.065,,A,,,
300,VIC123456,1.165,,A,,,
300,VIC123456,1.143,,A,,,
300,VIC123456,1.352,,A,,,
300,VIC123456,0.848,,A,,,
300,VIC123456,1.042,,A,,,
300,VIC123456,1.462,,A,,,
300,VIC123456,1.265,,A,,,
300,VIC123456,1.331,,A,,,
300,VIC123456,0.577,,A,,,
300,VIC123456,0.875,,A,,,
300,VIC123456,0.644,,A,,,
300,VIC123456,1.499,,A,,,
300,VIC123456,1.465,,A,,,
300,VIC123456,0.935,,A,,,
300,VIC123456,0.859,,A,,,
300,VIC123456,1.453,,A,,,
300,VIC123456,1.07,,A,,,
300,VIC123456,0.594,,A,,,
300,VIC123456,0.792,,A,,,
300,VIC123456,0.746,,A,,,
300,VIC123456,1.117,,A,,,
300,VIC123456,0.989,,A,,,
300,VIC123456,0.763,,A,,,
300,VIC123456,1.125,,A,,,
300,VIC123456,0.854,,A,,,
300,VIC123456,0.825,,A,,,
300,VIC123456,0.553,,A,,,
300,VIC123456,0.709,,A,,,
300,VIC123456,0.826,,A,,,
300,VIC123456,0.694,,A,,,
300,VIC123456,1.219,,A,,,
300,VIC123456,1.296,,A,,,
300,VIC123456,1.002,,A,,,
300,VIC123456,0.66,,A,,,
300,VIC123456,0.841,,A,,,
300,VIC123456,1.094,,A,,,
300,VIC123456,0.918,,A,,,
300,VIC123456,1.102,,A,,,
300,VIC123456,1.473,,A,,,
300,VIC123456,1.382,,A,,,
300,VIC123456,1.262,,A,,,
300,VIC123456,1.025,,A,,,
300,VIC123456,1.298,,A,,,
300,VIC123456,0.915,,A,,,
300,VIC123456,0.971,,A,,,
300,VIC123456,1.142,,A,,,
300,VIC123456,0.74,,A,,,
300,VIC123456,1.183,,A,,,
300,VIC123456,1.06,,A,,,
300,VIC123456,0.524,,A,,,
300,VIC123456,0.937,,A,,,
300,VIC123456,0.655,,A,,,
300,VIC123456,0.831,,A,,,
300,VIC123456,0.762,,A,,,
300,VIC123456,1.37,,A,,,
300,VIC123456,1.244,,A,,,
300,VIC123456,0.749,,A,,,
300,VIC123456,1.14,,A,,,
300,VIC123456,0.606,,A,,,
300,VIC123456,1.012,,A,,,
300,VIC123456,0.513,,A,,,
300,VIC123456,0.958,,A,,,
300,VIC123456,1.189,,A,,,
300,VIC123456,1.084,,A,,,
300,VIC123456,1.277,,A,,,
300,VIC123456,1.348,,A,,,
300,VIC123456,0.963,,A,,,
300,VIC123456,0.968,,A,,,
300,VIC123456,0.838,,A,,,
300,VIC123456,1.415,,A,,,
300,VIC123456,1.141,,A,,,
300,VIC123456,1.439,,A,,,
300,VIC123456,0.742,,A,,,
300,VIC123456,1.347,,A,,,
300,VIC123456,5.611,,A,,,
300,VIC123456,2.195,,A,,,
300,VIC123456,1.191,,A,,,
300,VIC123456,1.318,,A,,,
300,VIC123456,1.484,,A,,,
300,VIC123456,1.276,,A,,,
300,VIC123456,0.639,,A,,,
300,VIC123456,0.975,,A,,,
300,VIC123456,0.623,,A,,,
300,VIC123456,1.353,,A,,,
300,VIC123456,0.76,,A,,,
300,VIC123456,1.004,,A,,,
300,VIC123456,0.504,,A,,,
300,VIC123456,1.11,,A,,,
300,VIC123456,1.401,,A,,,
300,VIC123456,1.372,,A,,,
300,VIC123456,2.43,,A,,,
300,VIC123456,2.121,,A,,,
300,VIC123456,1.237,,A,,,
300,VIC123456,1.402,,A,,,
300,VIC123456,1.031,,A,,,
300,VIC123456,0.816,,A,,,
300,VIC123456,1.092,,A,,,
300,VIC123456,1.146,,A,,,
300,VIC123456,0.719,,A,,,
300,VIC123456,0.733,,A,,,
300,VIC123456,1.239,,A,,,
300,VIC123456,0.83,,A,,,
300,VIC123456,1.17,,A,,,
300,VIC123456,1.213,,A,,,
300,VIC123456,1.35,,A,,,
300,VIC123456,1.087,,A,,,
300,VIC123456,5.329,,A,,,
300,VIC123456,1.632,,A,,,
300,VIC123456,0.824,,A,,,
300,VIC123456,0.702,,A,,,
300,VIC123456,0.606,,A,,,
300,VIC123456,0.994,,A,,,
300,VIC123456,1.35,,A,,,
300,VIC123456,0.51,,A,,,
300,VIC123456,1.008,,A,,,
300,VIC123456,0.939,,A,,,
300,VIC123456,1.448,,A,,,
300,VIC123456,0.931,,A,,,
300,VIC123456,1.274,,A,,,
300,VIC123456,0.776,,A,,,
300,VIC123456,0.747,,A,,,
300,VIC123456,1.057,,A,,,
300,VIC123456,2.685,,A,,,
300,VIC123456,3.572,,A,,,
300,VIC123456,0.723,,A,,,
300,VIC123456,1.135,,A,,,
300,VIC123456,0.64,,A,,,
300,VIC123456,1.466,,A,,,
300,VIC123456,1.382,,A,,,
300,VIC123456,0.734,,A,,,
300,VIC123456,1.465,,A,,,
300,VIC123456,0.688,,A,,,
300,VIC123456,0.656,,A,,,
300,VIC123456,0.709,,A,,,
300,VIC123456,1.268,,A,,,
300,VIC123456,0.663,,A,,,
300,VIC123456,1.417,,A,,,
300,VIC123456,0.797,,A,,,
300,VIC123456,2.886,,A,,,
300,VIC123456,1.835,,A,,,
300,VIC123456,1.154,,A,,,
300,VIC123456,1.419,,A,,,
300,VIC123456,1.175,,A,,,
300,VIC123456,1.25,,A,,,
300,VIC123456,0.866,,A,,,
300,VIC123456,0.554,,A,,,
300,VIC123456,0.679,,A,,,
300,VIC123456,0.639,,A,,,
300,VIC123456,0.625,,A,,,
300,VIC123456,0.594,,A,,,
300,VIC123456,1.012,,A,,,
300,VIC123456,1.479,,A,,,
300,VIC123456,0.987,,A,,,
300,VIC123456,0.909,,A,,,
300,VIC123456,6.077,,A,,,
300,VIC123456,5.366,,A,,,
300,VIC123456,1.327,,A,,,
300,VIC123456,1.303,,A,,,
300,VIC123456,1.0,,A,,,
300,VIC123456,0.659,,A,,,
300,VIC123456,0.758,,A,,,
300,VIC123456,0.96,,A,,,
300,VIC123456,1.109,,A,,,
300,VIC123456,1.431,,A,,,
300,VIC123456,0.999,,A,,,
300,VIC123456,1.387,,A,,,
300,VIC123456,1.248,,A,,,
300,VIC123456,0.831,,A,,,
300,VIC123456,0.752,,A,,,
300,VIC123456,0.801,,A,,,
300,VIC123456,6.677,,A,,,
300,VIC123456,4.67,,A,,,
300,VIC123456,0.504,,A,,,
300,VIC123456,0.508,,A,,,
300,VIC123456,0.744,,A,,,
300,VIC123456,1.255,,A,,,
300,VIC123456,1.038,,A,,,
300,VIC123456,0.519,,A,,,
300,VIC123456,0.75,,A,,,
300,VIC123456,1.322,,A,,,
300,VIC123456,0.533,,A,,,
300,VIC123456,0.595,,A,,,
300,VIC123456,1.024,,A,,,
300,VIC123456,1.335,,A,,,
300,VIC123456,1.078,,A,,,
300,VIC123456,1.066,,A,,,
300,VIC123456,2.829,,A,,,
300,VIC123456,5.951,,A,,,
300,VIC123456,0.993,,A,,,
300,VIC123456,0.997,,A,,,
300,VIC123456,0.569,,A,,,
300,VIC123456,0.69,,A,,,
300,VIC123456,1.244,,A,,,
300,VIC123456,1.364,,A,,,
300,VIC123456,0.682,,A,,,
300,VIC123456,1.274,,A,,,
300,VIC123456,0.836,,A,,,
300,VIC123456,1.259,,A,,,
300,VIC123456,0.837,,A,,,
300,VIC123456,0.9,,A,,,
300,VIC123456,0.724,,A,,,
300,VIC123456,0.717,,A,,,
300,VIC123456,5.393,,A,,,
300,VIC123456,5.883,,A,,,
300,VIC123456,1.156,,A,,,
300,VIC123456,0.893,,A,,,
300,VIC123456,1.143,,A,,,
300,VIC123456,0.857,,A,,,
300,VIC123456,1.244,,A,,,
300,VIC123456,1.261,,A,,,
300,VIC123456,1.464,,A,,,
300,VIC123456,1.234,,A,,,
300,VIC123456,1.366,,A,,,
300,VIC123456,0.916,,A,,,
300,VIC123456,0.993,,A,,,
300,VIC123456,1.037,,A,,,
300,VIC123456,1.054,,A,,,
300,VIC123456,1.029,,A,,,
300,VIC123456,2.233,,A,,,
300,VIC123456,2.237,,A,,,
300,VIC123456,1.417,,A,,,
300,VIC123456,0.7,,A,,,
300,VIC123456,1.198,,A,,,
300,VIC123456,0.606,,A,,,
300,VIC123456,1.252,,A,,,
300,VIC123456,1.215,,A,,,
300,VIC123456,0.813,,A,,,
300,VIC123456,0.596,,A,,,
300,VIC123456,0.655,,A,,,
300,VIC123456,0.853,,A,,,
300,VIC123456,0.809,,A,,,
300,VIC123456,0.883,,A,,,
300,VIC123456,0.755,,A,,,
300,VIC123456,0.943,,A,,,
300,VIC123456,6.093,,A,,,
300,VIC123456,5.776,,A,,,
300,VIC123456,0.854,,A,,,
300,VIC123456,1.479,,A,,,
300,VIC123456,0.748,,A,,,
300,VIC123456,1.359,,A,,,
300,VIC123456,1.009,,A,,,
300,VIC123456,0.568,,A,,,
300,VIC123456,1.471,,A,,,
300,VIC123456,0.839,,A,,,
300,VIC123456,0.561,,A,,,
300,VIC123456,0.935,,A,,,
300,VIC123456,0.542,,A,,,
300,VIC123456,1.166,,A,,,
300,VIC123456,0.566,,A,,,
300,VIC123456,0.633,,A,,,
300,VIC123456,4.067,,A,,,
300,VIC123456,2.322,,A,,,
300,VIC123456,1.449,,A,,,
300,VIC123456,1.068,,A,,,
300,VIC123456,1.168,,A,,,
300,VIC123456,0.867,,A,,,
300,VIC123456,0.875,,A,,,
300,VIC123456,0.811,,A,,,
300,VIC123456,1.058,,A,,,
300,VIC123456,0.638,,A,,,
300,VIC123456,0.602,,A,,,
300,VIC123456,1.467,,A,,,
300,VIC123456,0.546,,A,,,
300,VIC123456,0.885,,A,,,
300,VIC123456,0.72,,A,,,
300,VIC123456,0.536,,A,,,
300,VIC123456,4.774,,A,,,
300,VIC123456,2.686,,A,,,
300,VIC123456,0.945,,A,,,
300,VIC123456,1.436,,A,,,
300,VIC123456,0.913,,A,,,
300,VIC123456,0.861,,A,,,
300,VIC123456,0.969,,A,,,
300,VIC123456,1.207,,A,,,
300,VIC123456,0.871,,A,,,
300,VIC123456,1.495,,A,,,
300,VIC123456,1.097,,A,,,
300,VIC123456,1.446,,A,,,
300,VIC123456,1.06,,A,,,
300,VIC123456,0.938,,A,,,
300,VIC123456,0.526,,A,,,
300,VIC123456,1.387,,A,,,
300,VIC123456,4.818,,A,,,
300,VIC123456,3.409,,A,,,
300,VIC123456,1.225,,A,,,
300,VIC123456,0.625,,A,,,
300,VIC123456,0.603,,A,,,
300,VIC123456,1.059,,A,,,
300,VIC123456,0.993,,A,,,
300,VIC123456,0.863,,A,,,
300,VIC123456,0.979,,A,,,
300,VIC123456,1.202,,A,,,
300,VIC123456,1.446,,A,,,
300,VIC123456,1.02,,A,,,
300,VIC123456,1.287,,A,,,
300,VIC123456,1.147,,A,,,
300,VIC123456,1.185,,A,,,
300,VIC123456,0.62,,A,,,
300,VIC123456,4.897,,A,,,
300,VIC123456,4.6,,A,,,
300,VIC123456,0.779,,A,,,
300,VIC123456,0.501,,A,,,
300,VIC123456,1.019,,A,,,
300,VIC123456,0.882,,A,,,
300,VIC123456,1.406,,A,,,
300,VIC123456,1.175,,A,,,
300,VIC123456,0.552,,A,,,
300,VIC123456,1.409,,A,,,
300,VIC123456,1.023,,A,,,
300,VIC123456,1.31,,A,,,
300,VIC123456,1.112,,A,,,
300,VIC123456,1.229,,A,,,
300,VIC123456,0.909,,A,,,
300,VIC123456,0.676,,A,,,
300,VIC123456,0.966,,A,,,
300,VIC123456,1.294,,A,,,
300,VIC123456,0.86,,A,,,
300,VIC123456,0.666,,A,,,
300,VIC123456,1.188,,A,,,
300,VIC123456,0.543,,A,,,
300,VIC123456,1.256,,A,,,
300,VIC123456,0.764,,A,,,
300,VIC123456,1.333,,A,,,
300,VIC123456,1.253,,A,,,
300,VIC123456,1.328,,A,,,
300,VIC123456,1.486,,A,,,
300,VIC123456,0.751,,A,,,
300,VIC123456,1.486,,A,,,
300,VIC123456,0.656,,A,,,
300,VIC123456,1.342,,A,,,
300,VIC123456,1.315,,A,,,
300,VIC123456,1.191,,A,,,
300,VIC123456,1.405,,A,,,
300,VIC123456,1.075,,A,,,
300,VIC123456,1.361,,A,,,
300,VIC123456,1.104,,A,,,
300,VIC123456,0.656,,A,,,
300,VIC123456,0.513,,A,,,
300,VIC123456,0.638,,A,,,
300,VIC123456,0.881,,A,,,
300,VIC123456,1.315,,A,,,
300,VIC123456,1.171,,A,,,
300,VIC123456,1.32,,A,,,
300,VIC123456,1.254,,A,,,
300,VIC123456,1.414,,A,,,
300,VIC123456,0.611,,A,,,
300,VIC123456,1.427,,A,,,
300,VIC123456,0.519,,A,,,
300,VIC123456,1.48,,A,,,
300,VIC123456,1.243,,A,,,
300,VIC123456,0.678,,A,,,
300,VIC123456,1.187,,A,,,
300,VIC123456,0.793,,A,,,
300,VIC123456,0.74,,A,,,
300,VIC123456,0.975,,A,,,
300,VIC123456,0.92,,A,,,
300,VIC123456,1.181,,A,,,
300,VIC123456,0.534,,A,,,
300,VIC123456,1.242,,A,,,
300,VIC123456,1.152,,A,,,
300,VIC123456,0.696,,A,,,
300,VIC123456,1.276,,A,,,
300,VIC123456,0.524,,A,,,
300,VIC123456,1.253,,A,,,
300,VIC123456,1.144,,A,,,
300,VIC123456,1.089,,A,,,
300,VIC123456,0.937,,A,,,
300,VIC123456,1.449,,A,,,
300,VIC123456,0.669,,A,,,
300,VIC123456,0.959,,A,,,
300,VIC123456,1.027,,A,,,
300,VIC123456,0.962,,A,,,
300,VIC123456,0.913,,A,,,
300,VIC123456,0.648,,A,,,
300,VIC123456,0.957,,A,,,
300,VIC123456,1.461,,A,,,
300,VIC123456,0.712,,A,,,
300,VIC123456,0.569,,A,,,
300,VIC123456,0.622,,A,,,
300,VIC123456,0.652,,A,,,
300,VIC123456,1.392,,A,,,
300,VIC123456,1.259,,A,,,
300,VIC123456,1.183,,A,,,
300,VIC123456,1.446,,A,,,
300,VIC123456,1.286,,A,,,
300,VIC123456,1.256,,A,,,
300,VIC123456,1.313,,A,,,
300,VIC123456,0.769,,A,,,
300,VIC123456,0.984,,A,,,
300,VIC123456,1.311,,A,,,
300,VIC123456,0.616,,A,,,
300,VIC123456,1.0,,A,,,
300,VIC123456,0.691,,A,,,
300,VIC123456,1.201,,A,,,
300,VIC123456,0.69,,A,,,
300,VIC123456,1.343,,A,,,
300,VIC123456,1.467,,A,,,
300,VIC123456,1.112,,A,,,
300,VIC123456,0.611,,A,,,
300,VIC123456,1.406,,A,,,
300,VIC123456,1.418,,A,,,
300,VIC123456,0.563,,A,,,
300,VIC123456,0.608,,A,,,
300,VIC123456,0.696,,A,,,
300,VIC123456,1.266,,A,,,
300,VIC123456,0.985,,A,,,
300,VIC123456,1.246,,A,,,
300,VIC123456,0.877,,A,,,
300,VIC123456,0.908,,A,,,
300,VIC123456,0.533,,A,,,
300,VIC123456,3.031,,A,,,
300,VIC123456,4.099,,A,,,
300,VIC123456,0.544,,A,,,
300,VIC123456,0.546,,A,,,
300,VIC123456,0.948,,A,,,
300,VIC123456,0.848,,A,,,
300,VIC123456,0.98,,A,,,
300,VIC123456,0.651,,A,,,
300,VIC123456,1.365,,A,,,
300,VIC123456,1.487,,A,,,
300,VIC123456,1.383,,A,,,
300,VIC123456,0.652,,A,,,
300,VIC123456,0.774,,A,,,
300,VIC123456,0.675,,A,,,
300,VIC123456,1.349,,A,,,
300,VIC123456,1.125,,A,,,
300,VIC123456,4.373,,A,,,
300,VIC123456,3.373,,A,,,
300,VIC123456,1.457,,A,,,
300,VIC123456,1.183,,A,,,
300,VIC123456,1.371,,A,,,
300,VIC123456,1.474,,A,,,
300,VIC123456,1.102,,A,,,
300,VIC123456,1.207,,A,,,
300,VIC123456,1.327,,A,,,
300,VIC123456,1.33,,A,,,
300,VIC123456,0.727,,A,,,
300,VIC123456,1.147,,A,,,
300,VIC123456,1.327,,A,,,
300,VIC123456,0.533,,A,,,
300,VIC123456,1.349,,A,,,
300,VIC123456,1.319,,A,,,
300,VIC123456,2.869,,A,,,
300,VIC123456,4.421,,A,,,
300,VIC123456,1.233,,A,,,
300,VIC123456,1.466,,A,,,
300,VIC123456,1.235,,A,,,
300,VIC123456,1.167,,A,,,
300,VIC123456,1.0,,A,,,
300,VIC123456,0.92,,A,,,
300,VIC123456,1.243,,A,,,
300,VIC123456,0.562,,A,,,
300,VIC123456,1.219,,A,,,
300,VIC123456,0.819,,A,,,
300,VIC123456,0.768,,A,,,
300,VIC123456,1.214,,A,,,
300,VIC123456,0.568,,A,,,
300,VIC123456,0.806,,A,,,
300,VIC123456,2.499,,A,,,
300,VIC123456,4.106,,A,,,
300,VIC123456,0.677,,A,,,
300,VIC123456,0.556,,A,,,
300,VIC123456,0.628,,A,,,
300,VIC123456,1.437,,A,,,
300,VIC123456,1.035,,A,,,
300,VIC123456,1.449,,A,,,
300,VIC123456,1.456,,A,,,
300,VIC123456,1.043,,A,,,
300,VIC123456,1.403,,A,,,
300,VIC123456,1.487,,A,,,
300,VIC123456,1.295,,A,,,
300,VIC123456,1.407,,A,,,
300,VIC123456,1.475,,A,,,
300,VIC123456,0.695,,A,,,
300,VIC123456,4.533,,A,,,
300,VIC123456,2.336,,A,,,
300,VIC123456,1.318,,A,,,
300,VIC123456,0.802,,A,,,
300,VIC123456,1.126,,A,,,
300,VIC123456,0.673,,A,,,
300,VIC123456,0.546,,A,,,
300,VIC123456,0.528,,A,,,
300,VIC123456,1.017,,A,,,
300,VIC123456,0.673,,A,,,
300,VIC123456,0.594,,A,,,
300,VIC123456,1.443,,A,,,
300,VIC123456,1.036,,A,,,
300,VIC123456,1.176,,A,,,
300,VIC123456,0.565,,A,,,
300,VIC123456,1.033,,A,,,
300,VIC123456,3.696,,A,,,
300,VIC123456,4.708,,A,,,
300,VIC123456,1.214,,A,,,
300,VIC123456,0.646,,A,,,
300,VIC123456,0.933,,A,,,
300,VIC123456,0.51,,A,,,
300,VIC123456,0.531,,A,,,
300,VIC123456,0.928,,A,,,
300,VIC123456,0.768,,A,,,
300,VIC123456,0.737,,A,,,
300,VIC123456,1.419,,A,,,
300,VIC123456,1.228,,A,,,
300,VIC123456,1.209,,A,,,
300,VIC123456,0.754,,A,,,
300,VIC123456,0.613,,A,,,
300,VIC123456,1.268,,A,,,
300,VIC123456,3.805,,A,,,
300,VIC123456,2.968,,A,,,
300,VIC123456,0.774,,A,,,
300,VIC123456,1.317,,A,,,
300,VIC123456,1.386,,A,,,
300,VIC123456,1.225,,A,,,
300,VIC123456,0.925,,A,,,
300,VIC123456,1.119,,A,,,
300,VIC123456,1.065,,A,,,
300,VIC123456,0.597,,A,,,
300,VIC123456,1.032,,A,,,
300,VIC123456,1.5,,A,,,
300,VIC123456,0.651,,A,,,
300,VIC123456,1.022,,A,,,
300,VIC123456,0.575,,A,,,
300,VIC123456,0.6,,A,,,
300,VIC123456,1.923,,A,,,
300,VIC123456,5.113,,A,,,
300,VIC123456,1.181,,A,,,
300,VIC123456,1.266,,A,,,
300,VIC123456,0.989,,A,,,
300,VIC123456,1.173,,A,,,
300,VIC123456,1.364,,A,,,
300,VIC123456,0.987,,A,,,
300,VIC123456,1.152,,A,,,
300,VIC123456,0.888,,A,,,
300,VIC123456,1.477,,A,,,
300,VIC123456,1.165,,A,,,
300,VIC123456,1.333,,A,,,
300,VIC123456,0.745,,A,,,
300,VIC123456,0.852,,A,,,
300,VIC123456,0.739,,A,,,
300,VIC123456,2.607,,A,,,
300,VIC123456,4.214,,A,,,
300,VIC123456,0.852,,A,,,
300,VIC123456,0.53,,A,,,
300,VIC123456,1.467,,A,,,
300,VIC123456,1.282,,A,,,
300,VIC123456,1.159,,A,,,
300,VIC123456,0.911,,A,,,
300,VIC123456,0.729,,A,,,
300,VIC123456,0.85,,A,,,
300,VIC123456,0.689,,A,,,
300,VIC123456,0.793,,A,,,
300,VIC123456,0.783,,A,,,
300,VIC123456,1.342,,A,,,
300,VIC123456,0.908,,A,,,
300,VIC123456,0.952,,A,,,
300,VIC123456,6.363,,A,,,
300,VIC123456,5.015,,A,,,
300,VIC123456,0.936,,A,,,
300,VIC123456,1.002,,A,,,
300,VIC123456,0.684,,A,,,
300,VIC123456,0.928,,A,,,
300,VIC123456,1.382,,A,,,
300,VIC123456,0.645,,A,,,
300,VIC123456,0.844,,A,,,
300,VIC123456,0.629,,A,,,
300,VIC123456,1.068,,A,,,
300,VIC123456,1.43,,A,,,
300,VIC123456,0.585,,A,,,
300,VIC123456,0.935,,A,,,
300,VIC123456,1.156,,A,,,
300,VIC123456,0.67,,A,,,
300,VIC123456,6.177,,A,,,
300,VIC123456,4.549,,A,,,
300,VIC123456,0.595,,A,,,
300,VIC123456,0.898,,A,,,
300,VIC123456,0.736,,A,,,
300,VIC123456,0.875,,A,,,
300,VIC123456,0.959,,A,,,
300,VIC123456,0.706,,A,,,
300,VIC123456,0.67,,A,,,
300,VIC123456,0.645,,A,,,
300,VIC123456,0.704,,A,,,
300,VIC123456,0.949,,A,,,
300,VIC123456,1.051,,A,,,
300,VIC123456,1.082,,A,,,
300,VIC123456,0.907,,A,,,
300,VIC123456,1.271,,A,,,
300,VIC123456,2.748,,A,,,
300,VIC123456,2.301,,A,,,
300,VIC123456,1.355,,A,,,
300,VIC123456,1.413,,A,,,
300,VIC123456,0.549,,A,,,
300,VIC123456,0.642,,A,,,
300,VIC123456,1.24,,A,,,
300,VIC123456,1.119,,A,,,
300,VIC123456,1.39,,A,,,
300,VIC123456,0.682,,A,,,
300,VIC123456,1.263,,A,,,
300,VIC123456,0.938,,A,,,
300,VIC123456,1.115,,A,,,
300,VIC123456,0.652,,A,,,
300,VIC123456,0.735,,A,,,
300,VIC123456,1.413,,A,,,
300,VIC123456,4.591,,A,,,
300,VIC123456,5.008,,A,,,
300,VIC123456,1.043,,A,,,
300,VIC123456,1.18,,A,,,
300,VIC123456,0.547,,A,,,
300,VIC123456,0.691,,A,,,
300,VIC123456,1.361,,A,,,
300,VIC123456,0.847,,A,,,
300,VIC123456,1.445,,A,,,
300,VIC123456,1.432,,A,,,
300,VIC123456,0.896,,A,,,
300,VIC123456,1.239,,A,,,
300,VIC123456,1.195,,A,,,
300,VIC123456,1.263,,A,,,
300,VIC123456,1.231,,A,,,
300,VIC123456,0.617,,A,,,
300,VIC123456,5.833,,A,,,
300,VIC123456,2.622,,A,,,
300,VIC123456,0.538,,A,,,
300,VIC123456,0.895,,A,,,
300,VIC123456,1.366,,A,,,
300,VIC123456,1.202,,A,,,
300,VIC123456,0.98,,A,,,
300,VIC123456,1.316,,A,,,
300,VIC123456,1.052,,A,,,
300,VIC123456,0.95,,A,,,
300,VIC123456,1.079,,A,,,
300,VIC123456,1.326,,A,,,
300,VIC123456,1.391,,A,,,
300,VIC123456,1.084,,A,,,
300,VIC123456,0.762,,A,,,
300,VIC123456,0.665,,A,,,
300,VIC123456,4.173,,A,,,
300,VIC123456,4.625,,A,,,
300,VIC123456,0.9,,A,,,
300,VIC123456,0.802,,A,,,
300,VIC123456,0.669,,A,,,
300,VIC123456,1.35,,A,,,
300,VIC123456,1.245,,A,,,
300,VIC123456,0.931,,A,,,
300,VIC123456,0.598,,A,,,
300,VIC123456,1.159,,A,,,
300,VIC123456,0.68,,A,,,
300,VIC123456,1.066,,A,,,
300,VIC123456,1.261,,A,,,
300,VIC123456,1.145,,A,,,
300,VIC123456,0.563,,A,,,
300,VIC123456,1.167,,A,,,
300,VIC123456,1.124,,A,,,
300,VIC123456,1.281,,A,,,
300,VIC123456,0.63,,A,,,
300,VIC123456,1.057,,A,,,
300,VIC123456,1.11,,A,,,
300,VIC123456,0.859,,A,,,
300,VIC123456,1.092,,A,,,
300,VIC123456,1.442,,A,,,
300,VIC123456,1.387,,A,,,
300,VIC123456,1.361,,A,,,
300,VIC123456,0.511,,A,,,
300,VIC123456,0.778,,A,,,
300,VIC123456,1.426,,A,,,
300,VIC123456,0.532,,A,,,
300,VIC123456,0.752,,A,,,
300,VIC123456,1.418,,A,,,
300,VIC123456,1.291,,A,,,
300,VIC123456,0.623,,A,,,
300,VIC123456,0.736,,A,,,
300,VIC123456,1.354,,A,,,
300,VIC123456,1.462,,A,,,
300,VIC123456,0.527,,A,,,
300,VIC123456,1.11,,A,,,
300,VIC123456,0.553,,A,,,
300,VIC123456,1.145,,A,,,
300,VIC123456,0.609,,A,,,
300,VIC123456,1.369,,A,,,
300,VIC123456,1.208,,A,,,
300,VIC123456,1.487,,A,,,
300,VIC123456,1.221,,A,,,
300,VIC123456,1.337,,A,,,
300,VIC123456,0.696,,A,,,
300,VIC123456,0.669,,A,,,
300,VIC123456,0.894,,A,,,
300,VIC123456,1.417,,A,,,
300,VIC123456,1.17,,A,,,
300,VIC123456,0.691,,A,,,
300,VIC123456,0.782,,A,,,
300,VIC123456,1.291,,A,,,
300,VIC123456,0.75,,A,,,
300,VIC123456,0.829,,A,,,
300,VIC123456,0.842,,A,,,
300,VIC123456,1.032,,A,,,
300,VIC123456,0.984,,A,,,
300,VIC123456,0.975,,A,,,
300,VIC123456,1.292,,A,,,
300,VIC123456,1.313,,A,,,
300,VIC123456,1.37,,A,,,
300,VIC123456,1.301,,A,,,
300,VIC123456,0.762,,A,,,
300,VIC123456,0.785,,A,,,
300,VIC123456,1.449,,A,,,
300,VIC123456,0.575,,A,,,
300,VIC123456,0.939,,A,,,
300,VIC123456,0.781,,A,,,
300,VIC123456,1.438,,A,,,
300,VIC123456,1.205,,A,,,
300,VIC123456,1.238,,A,,,
300,VIC123456,1.123,,A,,,
300,VIC123456,0.581,,A,,,
300,VIC123456,1.256,,A,,,
300,VIC123456,0.875,,A,,,
300,VIC123456,0.796,,A,,,
300,VIC123456,1.11,,A,,,
300,VIC123456,0.65,,A,,,
300,VIC123456,1.314,,A,,,
300,VIC123456,1.027,,A,,,
300,VIC123456,1.461,,A,,,
300,VIC123456,0.778,,A,,,
300,VIC123456,0.861,,A,,,
300,VIC123456,1.338,,A,,,
300,VIC123456,0.522,,A,,,
300,VIC123456,1.185,,A,,,
300,VIC123456,1.165,,A,,,
300,VIC123456,0.735,,A,,,
300,VIC123456,1.167,,A,,,
300,VIC123456,0.722,,A,,,
300,VIC123456,1.409,,A,,,
300,VIC123456,1.029,,A,,,
300,VIC123456,0.843,,A,,,
300,VIC123456,1.448,,A,,,
300,VIC123456,0.966,,A,,,
300,VIC123456,0.783,,A,,,
300,VIC123456,0.563,,A,,,
300,VIC123456,0.512,,A,,,
300,VIC123456,1.202,,A,,,
300,VIC123456,1.404,,A,,,
300,VIC123456,0.847,,A,,,
900,,,,,,,
